{
  "mean": 288.1276306856755,
  "scale": 225.28789156054464
}