{
  "loss": [
    0.4006754755973816,
    0.18174095451831818,
    0.11138121783733368,
    0.0906292200088501,
    0.08581357449293137,
    0.07470738887786865,
    0.07071930170059204,
    0.06816316395998001,
    0.06356991082429886,
    0.06785936653614044,
    0.06220443174242973,
    0.06543654203414917,
    0.06161428615450859,
    0.0538678802549839,
    0.06007181480526924,
    0.053373053669929504,
    0.05421265959739685,
    0.04928715527057648,
    0.044889915734529495,
    0.04792296513915062,
    0.04129592329263687,
    0.04208517447113991,
    0.0400654599070549,
    0.04216976836323738,
    0.04197780415415764,
    0.03921229764819145,
    0.040877606719732285,
    0.04053638502955437,
    0.03658624738454819,
    0.038979191333055496,
    0.03629183769226074,
    0.03916027769446373,
    0.03810582682490349,
    0.034196335822343826,
    0.03414025157690048,
    0.03306442126631737,
    0.03321536257863045,
    0.03308442607522011,
    0.030776536092162132,
    0.033206552267074585,
    0.03265903890132904,
    0.03138582408428192,
    0.03056471236050129,
    0.03265051171183586,
    0.03348616138100624,
    0.03270936384797096,
    0.0324367992579937,
    0.030785882845520973,
    0.028677349910140038,
    0.027833551168441772,
    0.027956688776612282,
    0.02816168963909149,
    0.027616236358880997,
    0.028843030333518982,
    0.028081558644771576,
    0.027810676023364067,
    0.027071626856923103,
    0.02749628759920597,
    0.02637101709842682,
    0.02745457924902439,
    0.026950854808092117,
    0.02738734520971775,
    0.027137432247400284,
    0.02663188986480236,
    0.02604515478014946,
    0.026603110134601593,
    0.02691980078816414,
    0.026368919759988785,
    0.026965243741869926,
    0.026020335033535957,
    0.026692116633057594,
    0.025851108133792877,
    0.026440074667334557,
    0.026754336431622505,
    0.026462959125638008,
    0.02693333476781845,
    0.025615280494093895,
    0.025531809777021408,
    0.02570967935025692,
    0.02679232694208622
  ],
  "mae": [
    0.7478687167167664,
    0.47080516815185547,
    0.35682424902915955,
    0.317671000957489,
    0.30982261896133423,
    0.2858250141143799,
    0.2776010036468506,
    0.27276983857154846,
    0.26400917768478394,
    0.2687608599662781,
    0.25602105259895325,
    0.26314330101013184,
    0.25700363516807556,
    0.23912560939788818,
    0.25186142325401306,
    0.2359497994184494,
    0.23971761763095856,
    0.22643454372882843,
    0.21604767441749573,
    0.22397905588150024,
    0.2070247083902359,
    0.20883691310882568,
    0.20286785066127777,
    0.2092089056968689,
    0.20787838101387024,
    0.2016967386007309,
    0.2036505788564682,
    0.20381379127502441,
    0.1932263970375061,
    0.19851556420326233,
    0.19268405437469482,
    0.19862915575504303,
    0.19634737074375153,
    0.184753879904747,
    0.1857544332742691,
    0.1835862398147583,
    0.18423256278038025,
    0.1826869696378708,
    0.17714126408100128,
    0.1822582334280014,
    0.1814739853143692,
    0.17607465386390686,
    0.1746307909488678,
    0.18070772290229797,
    0.18254098296165466,
    0.18156979978084564,
    0.18021342158317566,
    0.1754341870546341,
    0.1702539473772049,
    0.16743046045303345,
    0.16810956597328186,
    0.1690334528684616,
    0.1666533201932907,
    0.17002959549427032,
    0.16721992194652557,
    0.16734519600868225,
    0.16403785347938538,
    0.16572687029838562,
    0.16364316642284393,
    0.1666296124458313,
    0.1654854267835617,
    0.16448698937892914,
    0.16526271402835846,
    0.16330119967460632,
    0.1635551154613495,
    0.16397595405578613,
    0.16301846504211426,
    0.1626918911933899,
    0.1640760898590088,
    0.1610143482685089,
    0.163640558719635,
    0.16090860962867737,
    0.1625908613204956,
    0.16394305229187012,
    0.1633414924144745,
    0.1641358584165573,
    0.1610773354768753,
    0.16106343269348145,
    0.16137655079364777,
    0.16299130022525787
  ],
  "rmse": [
    1.0331459045410156,
    0.624722421169281,
    0.4776117205619812,
    0.429862916469574,
    0.4179907739162445,
    0.3893808424472809,
    0.3787614107131958,
    0.3714379668235779,
    0.35855984687805176,
    0.37115031480789185,
    0.3544454276561737,
    0.36409011483192444,
    0.3528438210487366,
    0.32943645119667053,
    0.3482392728328705,
    0.3281590938568115,
    0.3303429186344147,
    0.3151737451553345,
    0.30049556493759155,
    0.3106471002101898,
    0.2880754768848419,
    0.29104819893836975,
    0.28403374552726746,
    0.29137247800827026,
    0.2907833456993103,
    0.2808409631252289,
    0.28664642572402954,
    0.2853792905807495,
    0.27108991146087646,
    0.28000369668006897,
    0.2701500654220581,
    0.2807232439517975,
    0.2768133580684662,
    0.2621302306652069,
    0.2616884112358093,
    0.25753864645957947,
    0.2582446336746216,
    0.2576022744178772,
    0.24845929443836212,
    0.2582528591156006,
    0.2561807334423065,
    0.25101202726364136,
    0.24799703061580658,
    0.2558477222919464,
    0.2594996988773346,
    0.25595661997795105,
    0.25512194633483887,
    0.2485051453113556,
    0.23975534737110138,
    0.23626525700092316,
    0.2367081642150879,
    0.23752544820308685,
    0.2354726642370224,
    0.24046814441680908,
    0.2372574508190155,
    0.2360539734363556,
    0.23288574814796448,
    0.2347310483455658,
    0.22994981706142426,
    0.2345547080039978,
    0.2323596179485321,
    0.234309583902359,
    0.23324379324913025,
    0.2309001386165619,
    0.22836270928382874,
    0.23086629807949066,
    0.23218300938606262,
    0.22995033860206604,
    0.23258556425571442,
    0.2282906323671341,
    0.23133252561092377,
    0.22762347757816315,
    0.23022334277629852,
    0.2315652072429657,
    0.23029203712940216,
    0.23231711983680725,
    0.2264789491891861,
    0.2261960208415985,
    0.2271072417497635,
    0.23168618977069855
  ],