{
  "loss": [
    0.49479469656944275,
    0.4226222038269043,
    0.41799622774124146,
    0.4317467212677002,
    0.41287761926651,
    0.2999124825000763,
    0.10149989277124405,
    0.08856875449419022,
    0.09805864095687866,
    0.07147374749183655,
    0.051716435700654984,
    0.04278535395860672,
    0.06271825730800629,
    0.047099966555833817,
    0.035321399569511414,
    0.0407642237842083,
    0.04296322911977768,
    0.05610591918230057,
    0.033935315907001495,
    0.03251321241259575
  ],
  "mae": [
    0.8853350281715393,
    0.8137728571891785,
    0.801751971244812,
    0.8127007484436035,
    0.7996407151222229,
    0.6307764649391174,
    0.3320809304714203,
    0.3073027729988098,
    0.3341596722602844,
    0.27650323510169983,
    0.2349310964345932,
    0.20917955040931702,
    0.25265732407569885,
    0.21725022792816162,
    0.18997059762477875,
    0.2017398476600647,
    0.20657144486904144,
    0.23564490675926208,
    0.18178027868270874,
    0.17760147154331207
  ],
  "rmse": [
    1.1865330934524536,
    1.0101752281188965,
    1.0093963146209717,
    1.0357136726379395,
    0.9971595406532288,
    0.8368510603904724,
    0.4577770531177521,
    0.4260404109954834,
    0.4479196071624756,
    0.38086774945259094,
    0.3226830065250397,
    0.293143093585968,
    0.3567350506782532,
    0.30799344182014465,
    0.26625216007232666,
    0.28635889291763306,
    0.29389387369155884,
    0.33741360902786255,
    0.26085612177848816,
    0.25530746579170227
  ],
  "val_loss": [
    0.4290502071380615,
    0.4202657639980316,
    0.4168955087661743,
    0.40197235345840454,
    0.38766351342201233,
    0.1798142045736313,
    0.03800050541758537,
    0.05970636010169983,
    0.134002685546875,
    0.08076334744691849,
    0.03767864406108856,
    0.026958804577589035,
    0.0396554209291935,
    0.02579999528825283,
    0.021472932770848274,
    0.06954284012317657,
    0.03289340063929558,
    0.05917244404554367,
    0.04743969067931175,
    0.04974931478500366
  ],
  "val_mae": [
    0.8294999003410339,
    0.8011212348937988,
    0.8101170659065247,
    0.7771643400192261,
    0.7799111008644104,
    0.5284498333930969,
    0.18120339512825012,
    0.2335568070411682,
    0.3925458490848541,
    0.2873070240020752,
    0.19658809900283813,
    0.15977968275547028,
    0.21005605161190033,
    0.16463468968868256,
    0.16168852150440216,
    0.24123515188694,
    0.1731034815311432,
    0.22197560966014862,
    0.20515036582946777,
    0.20334939658641815
  ],
  "val_rmse": [
    0.9994030594825745,
    1.0213584899902344,
    0.9989252090454102,
    0.9971254467964172,
    0.948020339012146,
    0.6006897687911987,
    0.27578380703926086,
    0.34737640619277954,
    0.5260834097862244,
    0.40484604239463806,
    0.2746071219444275,
    0.23220165073871613,
    0.2816218137741089,
    0.22715631127357483,
    0.20723384618759155,
    0.37464669346809387,
    0.25649702548980713,
    0.3452248275279999,
    0.308403879404068,
    0.316074937582016
  ],
  "learning_rate": [
    0.0010000000474974513,
    0.0010000000474974513,
    0.0010000000474974513,
    0.0010000000474974513,
    0.0010000000474974513,
    0.0010000000474974513,
    0.0010000000474974513,
    0.0010000000474974513,
    0.0010000000474974513,
    0.0010000000474974513,
    0.0005000000237487257,
    0.0005000000237487257,
    0.0005000000237487257,
    0.0005000000237487257,
    0.0005000000237487257,
    0.0005000000237487257,
    0.0005000000237487257,
    0.0005000000237487257,
    0.0002500000118743628,
    0.0002500000118743628
  ]
}